Fragment Number,Identifier,Chain,Start Residue,End Residue,Classification,Amino Acid Sequence
1,1HLV,A,28,47,a.4.1.7,KGEIARRFNI--PPSTLSTILK
1,3L00,A,114,135,a.4.2.0,YSHLAALAGNpaATAAVKTALS
1,1J5Y,A,27,46,a.4.5.1,GAQLAEELSV--SRQVIVQDIA
1,1P4W,A,168,187,a.4.6.2,VTEIAKKLNR--SIKTISSQKK
1,1JHG,A,68,87,a.4.12.1,QRELKNELGA--GIATITRGSN
1,1KU3,A,398,417,a.4.13.2,LEEVGAYFGV--TRERIRQIEN
1,1VZ0,A,137,156,a.4.14.1,QEEVARRVGK--ARSTVANALR
1,1R8E,A,8,27,a.6.1.3,IGEVSKLANV--SIKALRYYDK
1,2R1J,L,21,40,a.35.1.2,QAALGKMVGV--SNVAISQWER
1,1AIS,B,1268,1287,a.74.1.2,QREVAEVARV--TEVTVRNRYK
1,1A9X,A,499,518,a.92.1.1,DARLAKLAGV--REAEIRKLRD
1,2CSB,A,200,219,a.267.1.1,HDEIARRLGL--SVSEVEGEKD
1,1F44,A,306,326,d.163.1.1,IPEIMQAGGWt-NVNIVMNFIR
1,2V4J,C,66,85,d.203.1.1,VRILSKNTGF--KLKEVYELFP
1,1NR3,A,8,27,d.236.1.1,QKKIARELKT--TRQNVSAIER
1,1I3J,A,215,234,d.285.1.1,AADAARHFKI--SSGLVTYRVK
1,1GKU,B,780,799,e.10.1.1,LSDANRILKF--SVKQTMQIAQ
1,1LDJ,A,622,641,e.40.1.1,VQQLTDSTQI--KMDILAQVLQ
1,4CDP,A,19,38,e.62.1.1,ARDIAGLMNI--REAELAFARV
1,2AVU,E,26,45,e.64.1.1,LQMLESETQL--SRGRLIKLYK
2,1IXR,A,71,92,a.60.2.1,FELLL------SVSGVGPKVALALLSAL
2,1IXR,A,106,127,a.60.2.1,ARLLT------SASGVGRRLAERIALEL
2,1Z3E,B,282,303,a.60.3.1,EEDMM------KVRNLGRKSLEEVKAKL
2,1U9L,A,389,410,a.60.4.2,MKELL------EIEGLDEPTVEALRERA
2,1CI4,A,17,38,a.60.5.1,EKPVG------SLAGIGEVLGKKLEERG
2,4KLI,A,56,77,a.60.6.1,GAEAK------KLPGVGTKIAEKIDEFL
2,1UL1,X,226,253,a.60.7.1,LCILLgsdyceSIRGIGPKRAVDLIQKH
2,1WUD,A,574,595,a.60.8.1,ASEML------SVNGVGMRKLERFGKPF
2,2BCQ,A,335,356,a.60.12.1,LELFS------NIWGAGTKTAQMWYQQG
2,1ORN,A,109,130,a.96.1.1,RDELM------KLPGVGRKTANVVVSVA
2,2UUB,M,16,37,a.156.1.1,DVALT------YIYGIGKARAKEALEKT
2,2P6R,A,631,652,a.289.1.2,LLELV------RIRHIGRVRARKLYNAG
2,1GM5,A,114,135,b.40.4.9,STDIQ------YAKGVGPNRKKKLKKLG
2,1JX4,A,177,198,e.8.1.7,ELDIA------DVPGIGNITAEKLKKLG
2,3VDP,A,9,30,e.49.1.1,IEELS------KLPGIGPKTAQRLAFFI
2,2I5H,A,129,150,e.71.1.1,MHQLE------LLPGVGKKMMWAIIEER
3,1TZY,A,58,87,a.22.1.1,LTAEILELAGNAARDNKKtRIIPRHLQLAI
3,2HUE,C,61,90,a.22.1.1,FLENVIRDAVTYTEHAKRkTVTAMDVVYAL
3,1B67,A,36,65,a.22.1.2,MGEEIASEAVKLAKHAGRkTIKAEDIELAR
3,1TAF,A,52,81,a.22.1.3,YVTSILDDAKVYANHARKkTIDLDDVRLAT
3,1F6V,A,48,76,a.49.1.1,ILNHSLRLAAMTAHGKGE-RVNEDYLRQAF
3,1K6K,A,5,34,a.174.1.1,ELELSLNMAFARAREHRHeFMTVEHLLLAL
3,1K6K,A,83,112,a.174.1.1,SFQRVLQRAVFHVQSSGRnEVTGANVLVAI
3,1KHY,A,9,38,a.174.1.1,KFQLALADAQSLALGHDNqFIEPLHLMSAL
3,1KHY,A,86,115,a.174.1.1,DLVRVLNLCDKLAQKRGDnFISSELFVLAA
3,1FNN,A,241,270,c.37.1.20,LAIDILYRSAYAAQQNGRkHIAPEDVRKSS
3,1LV7,A,363,392,c.37.1.20,DLANLVNEAALFAARGNKrVVSMVEFEKAK
3,1W5S,A,261,290,c.37.1.20,RAIVALKMACEMAEAMGRdSLSEDLVRKAV
4,2ZJR,V,2,21,a.2.2.1,KPSEMRNLQATDFAKEIDAR
4,1A62,A,2,21,a.140.3.1,NLTELKNTPVSELITLGENM
5,1EI1,A,354,377,d.14.1.3,NELLAEYLLENPTDAKIVVGKIID
5,1S16,A,1351,1374,d.14.1.3,KDAFILWLNQNVQAAELLAEMAIS
5,1KIJ,A,354,377,d.14.1.3,YERLLEILEENPRIAKAVYEKALR
5,1MO3,A,303,326,d.48.1.1,KENARNFLVENADVADEIEKKIKE
5,1U94,A,302,325,d.48.1.1,KANATAWLKDNPETAKEIEKKVRE
5,1XP8,A,315,338,d.48.1.1,KEKTIAYIAERPEMEQEIRDRVMA
6,1TUA,A,13,38,d.51.1.1,RLGAVIGPRGEVKAEIMRRTG-TVITV
6,1TUA,A,107,132,d.51.1.1,IKGRIIGEGGRARRTIEEMTD-TYINV
6,1ZZK,A,24,49,d.51.1.1,LAGSIIGKGGQRIKQIRHESG-ASIKI
6,1J4W,A,13,38,d.51.1.1,AVGIVIGRNGEMIKKIQNDAG-VRIQF
6,2CTE,A,27,52,d.51.1.1,HHRFVIGKNGEKLQDLELKTA-TKIQI
6,1WE8,A,25,50,d.51.1.1,SVGRIIGRGGETIRSICKASG-AKITC
6,2ASB,A,298,323,d.52.3.1,QLSLAIGKEGQNARLAARLTG-WRIDI
6,1WH9,A,45,70,d.52.3.1,RTQNVLGEKGRRIRELTAVVQ-KRFGF
6,1K0R,A,231,257,d.52.3.1,AKGACIGPMGQRVRNVMSELSgEKIDI
7,1CZ4,A,23,45,b.52.2.3,RVRLDESSRRLLDAEIGDVVEIE
7,1CZ4,A,66,88,b.52.2.3,IVRIDSVMRNNCGASIGDKVKVR
7,1YFB,A,17,39,b.129.1.3,RVVIPIELRRTLGIAEKDALEIY
7,2D9R,A,78,100,b.129.2.1,ILGLRQDIRRAIGKQPGDSVYVT
7,2VBU,A,107,129,b.43.5.2,EIIAPMKLREQFNLKDGDVIKIL
7,1YLE,A,314,336,d.108.1.8,PVALSVEAAEALGVGEGASVRLV
7,1WID,A,253,275,b.142.1.2,LTKGWSRFVKEKNLRAGDVVSFS
7,1A8P,A,19,41,b.43.4.2,LFSFKTTRNPSLRFENGQFVMIG
7,1RQP,A,217,239,b.141.1.1,WTNIHRTDLEKAGIGYGARLRLT
8,2NAC,A,192,221,c.2.1.4,MHVGTVA-AGriGLAVLRRLAPFDV--HLHYTD
8,1E5Q,A,4,33,c.2.1.3,KSVLMLG-SGfvTRPTLDVLTDSGI--KVTVAC
8,2BS2,A,6,35,c.3.1.4,CDSLVIG-GGlaGLRAAVATQQKGL--STIVLS
8,1DJQ,A,390,419,c.4.1.1,DSVLIVG-AGpsGSEAARVLMESGY--TVHLTD
8,1C0P,A,1005,1034,c.4.1.2,KRVVVLG-SGviGLSSALILARKGY--SVHILA
8,2JFG,A,6,35,c.5.1.1,KNVVIIG-LGltGLSCVDFFLARGV--TPRVMD
8,3ETJ,A,2,31,c.30.1.1,KQVCVLG-NGqlGRMLRQAGEPLGI--AVWPVG
8,1INL,A,92,121,c.66.1.17,KKVLIIG-GG--DGGTLREVLKHDSveKAILCE
8,1OTH,A,189,219,c.78.1.1,LTLSWIGdGNniLHSIMMSAAKFGM--HLQAAT
8,2V03,A,62,91,c.79.1.1,DVLIEAT-SGntGIALAMIAALKGY--RMKLLM
8,1JW9,B,32,62,c.111.1.1,SRVLIVG-LGglGCAASQYLASAGVg-NLTLLD
8,1Q7E,A,10,39,c.123.1.1,IKVLDFT-GVqsGPSCTQMLAWFGA--DVIKIE
9,1QW2,A,88,113,d.249.1.1,KVVEASQEAQKVGINPGDVLRNVIDK
9,1JX4,A,42,67,e.8.1.7,AVATANYEARKFGVKAGIPIVEAKKI
9,1T94,A,135,160,e.8.1.7,MLSTSNYHARRFGVRAAMPGFIAKRL
9,1JIH,A,58,83,e.8.1.7,SIIAVSYAARKYGISRMDTIQEALKK
10,2FF4,A,350,371,b.26.1.2,VHVQHERI-RSAVTLNDGDHIRI
10,2AFF,A,69,90,b.26.1.2,TQVNGSVI-DEPVRLKHGDVITI
10,2G1L,A,568,589,b.26.1.2,TYVNGKLV-TEPLVLKSGNRIVM
10,1FM0,D,53,74,d.15.3.1,AAVNQTLV-SFDHPLTDGDEVAF
10,1RYJ,A,45,66,d.15.3.2,VKKNGQIV-IDEEEIFDGDIIEV
10,1TKE,A,38,59,d.15.10.1,GRVNGELV-DACDLIENDAQLSI
10,1DM9,A,36,57,d.66.1.3,VHYNGQRS-KPSKIVELNATLTL
10,1VIO,A,27,49,d.66.1.5,VKINGEIVkSGSVQISQEDEIYF
10,1P9K,A,48,70,d.66.1.6,VKVDGAVEtRKRCKIVAGQTVSF
11,1FEU,A,148,174,b.53.1.1,DSLHASDLKLPPGVELAvSPEETIAAV
11,1BDF,A,108,133,d.181.1.1,GPVTAADITHDGDVEIV-KPQHVICHL
12,1BDO,A,100,117,b.84.1.1,KAFIEVGQKVNVGDTLCI
12,1BDO,A,137,154,b.84.1.1,AILVESGQPVEFDEPLVV
12,1DCZ,A,67,84,b.84.1.1,KILVKEGDTVKAGQTVLV
12,1DCZ,A,104,121,b.84.1.1,KVLVKERDAVQGGQGLIK
12,1E2W,A,213,230,b.84.2.2,DLIVKEGQTVQADQPLTN
12,1GPR,A,97,114,b.84.3.1,TSFVSEGDRVEPGQKLLE
12,1V8Q,A,22,39,b.84.4.1,GVKRYEGQVVRAGNILVR
12,1O4U,A,62,79,d.41.2.1,KFNVEDGEYLEGTGVIGE
12,1UOU,A,422,439,d.41.3.1,ELLVDVGQRLRRGTPWLR
12,4EAD,A,384,401,d.41.3.1,TDMARLGDQVDGQRPLAV
12,4G7H,D,1310,1327,e.29.1.2,RLLVKDGDYVEAGQPLTR
12,1VF7,A,53,70,f.46.1.1,KRLFKEGSDVKAGQQLYQ
13,1TL2,A,42,83,b.67.1.1,NFKFLFLSPGg-ELYGVLND--KIYKGTPPThdndnwMGRaKKIG
13,1CRU,A,28,64,b.68.2.1,KPHALLWGPD-nQIWLTERAtgKILRVNPES------GSV-KTVF
14,2PQ8,A,208,230,d.108.1.1,WLCEYCLKYMKYEKSYRFHLGQC
14,1M36,A,8,30,g.37.1.2,YLCEFCLKYMKSRTILQQHMKKC
14,1X6H,A,48,70,g.37.1.1,FVCSKCGKTFTRRNTMARHADNC
14,2DRP,A,141,163,g.37.1.1,YPCPFCFKEFTRKDNMTAHVKII
15,3LGI,A,203,217,b.47.1.1,GALVNSLGELMGINT
15,1AGJ,A,197,211,b.47.1.1,SGIFNSNGELVGIHS
15,1TIF,A,16,30,d.15.8.1,VRLIDQNGDQLGIKS
15,2NYC,A,223,237,d.37.1.1,VPIIDENGYLINVYE
15,2NYC,A,295,309,d.37.1.1,FFVVDDVGRLVGVLT
15,1F5M,A,135,149,d.110.2.1,VPIISNDGKTLGVID
15,1N9L,A,104,118,d.110.3.6,TPIKTPDGRVSKFVG
15,1P0Z,A,110,124,d.110.6.1,SPIQDATGKVIGIVS
15,1U7Q,A,430,444,d.220.1.1,PLVVVEGSRVLGVIA
16,1GSI,A,1,23,c.37.1.1,MLIAIEGVDgaGKRTLVEKLSGA
16,1M7G,A,26,48,c.37.1.4,LTIWLTGLSasGKSTLAVELEHQ
16,1RZ3,A,23,45,c.37.1.6,LVLGIDGLSrsGKTTLANQLSQT
16,2QM8,A,56,78,c.37.1.10,IRVGITGVPgvGKSTTIDALGSL
16,1KNQ,A,9,31,c.37.1.17,HIYVLMGVSgsGKSAVASEVAHQ
16,2GC6,A,40,60,c.72.2.2,RYIHVTGTN--GKGSAANAIAHV
16,1KO7,B,145,167,c.91.1.2,VGVLITGDSgiGKSETALELIKR
17,1I8O,A,10,18,a.3.1.1,FKQCMTCHR
17,1JDL,A,12,20,a.3.1.1,FKKCMACHR
17,1C52,A,8,16,a.3.1.1,YAQCAGCHQ
17,2YKZ,A,113,121,a.24.3.2,GASCKACHD
17,1S05,A,114,122,a.24.3.2,GKACGNCHE
17,1SP3,A,19,27,a.138.1.3,TTQCLTCHE
17,1H21,A,206,214,a.138.1.1,VSSCGECHM
17,1FGJ,A,76,84,a.138.1.3,RKDCVECHS
17,1FGJ,A,142,150,a.138.1.3,EVGCIDCHV
17,1FGJ,A,169,177,a.138.1.3,ADTCGTCHL
18,2WDQ,B,147,161,a.1.2.1,YECILCACCSTSCPS
18,2WDQ,B,204,218,a.1.2.1,FRCHSIMNCVSVCPK
18,2FDN,A,6,20,d.58.1.1,EACISCGACEPECPV
18,2FDN,A,35,49,d.58.1.1,DTCIDCGACAGVCPV
18,1XER,A,43,57,d.58.1.3,DLCIADGSCINACPV
18,2C42,A,687,701,d.58.1.5,ENCIQCNQCAFVCPH
18,2C42,A,743,757,d.58.1.5,LDCMGCGNCADICPP
18,3C8Y,A,145,159,d.58.1.5,TKCLLCGRCVNACGK
18,1SJ1,A,9,23,d.58.1.4,DTCIGDAICASLCPD
19,1VYX,A,8,38,g.44.1.3,VCWICNEELGNERFRACGCTGELENVHRSCL
19,1G25,A,5,35,g.44.1.1,GCPRCKTTKYRNPSLKLMVNVCGHTLCESCV
19,3UEJ,A,243,273,g.49.1.1,FCDHCGSLLWGLVKQGLKCEDCGMNVHHKCR
19,1ZBD,B,93,123,g.50.1.1,RCILCGEQLGMLGSASVVCEDCKKNVCTKCG
20,1EP3,B,223,237,c.25.1.3,RMACGIGACYACVEH
20,3WCQ,A,37,51,d.15.4.1,PYSCRAGACSTCAGK
20,1DOI,A,60,74,d.15.4.1,PFSCRAGACANCAAI
21,2SCP,B,104,123,a.39.1.5,DTNEDNNISRDEYGIFFGML
21,2SCP,B,138,157,a.39.1.5,DTNNDGLLSLEEFVIAGSDF
21,1EG3,A,187,206,a.39.1.7,DTGRTGRIRVLSFKTGIISL
21,2Y3N,D,8,27,a.139.1.0,DLNGDGVINMADVMILAQSF
22,2FZF,A,32,66,a.25.1.1,EIGAREFYKSLAEKIKIEALKEKINWLAEEEKKHE
22,2FZF,A,117,151,a.25.1.1,EEIAAEFYLKLEEMVKEEEKKRLMRYLADMERGHY
22,1Z72,A,58,92,a.132.1.3,FDAFLSMLGACVAHADKLESKLRFAKQLGFLEADE
23,1ECS,A,16,33,d.32.1.1,STAAFYERLGFGIVFRDA
23,1CJX,A,25,42,d.32.1.3,TLEPIFEIMGFTKVATHR
23,1SS4,A,21,38,d.32.1.6,NAISFFEEIGLNLEGRAN
23,2GAN,A,152,169,d.108.1.1,AYSYYYMKKGFREIMRYK
23,1GHE,A,136,153,d.108.1.1,VAEAFYSALAYTRVGELP
23,1N71,A,142,159,d.108.1.1,HPYEFYEKLGYKIVGVLP
23,1VHS,A,126,143,d.108.1.1,PSLKLFEKHGFAEWGLFP
24,1XB2,B,59,83,a.5.2.2,SKELLMKLRRKTGYSFINCKKALET
24,1AIP,C,3,27,a.5.2.2,QMELIKKLREATGAGMMDVKRALED
24,1EFU,B,4,28,a.5.2.2,TASLVKELRERTGAGMMDCKKALTE
24,1CTF,A,65,89,d.45.1.1,KVAVIKAVRGATGLGLKEAKDLVES
24,1DD3,A,70,94,d.45.1.1,KIQVIKVVREITGLGLKEAKDLVEK
25,1QJP,A,124,142,f.4.1.1,AGGVEYAIt-pEIATRLEYQ
25,1QD6,C,196,213,f.4.2.1,QLKIGYHLg--DAVLSAKGQ
25,1T16,A,81,99,f.4.3.4,NMHFVAPIn-dQFGWGASIT
25,1T16,A,129,147,f.4.3.4,NLSGAYRLn-nAWSFGLGFN
25,1T16,A,210,228,f.4.3.4,NAGILYELd-kNNRYALTYR
25,1T16,A,276,294,f.4.3.4,EVSGYNRVd-pQWAIHYSLA
25,1T16,A,328,346,f.4.3.4,ALGTTYYYd-dNWTFRTGIA
25,1T16,A,370,388,f.4.3.4,SAGTTYAFn-kDASVDVGVS
25,1I78,A,234,252,f.4.4.1,AVNAGYYVt-pNAKVYVEGA
25,1UYN,X,886,904,f.4.5.1,FAGIRHDAg-dIGYLKGLFS
25,1TLY,A,217,234,f.4.6.1,SHILALNY--dHWHYSVVAR
25,2GR8,A,1062,1081,d.24.1.4,AIGVSRISdngKVIIRLSGT
26,1IJQ,A,675,692,g.3.11.1,CACPDGMLLARDmrSCLT
26,2Y5F,L,109,126,g.3.11.1,CSCARGYTLADNgkACIP
26,1NT0,A,146,163,g.3.11.1,CSCRVGYILHQNkhTCSA
26,1CCV,A,36,52,g.22.1.1,CQCQEGFLRNGEg-ACVL
26,2H9E,C,50,66,g.22.1.1,CVCEEGFYRNKDd-KCVS
26,1D4V,A,79,96,g.24.1.1,GLCPPGHHISEDgrDCIS
26,1EXT,A,137,152,g.24.1.1,CTCHAGFFLREN--ECVS
27,2C9W,A,163,192,a.271.1.1,LQHLCRLTINKCT--GAIWGLPLPTRLKDYLE
27,1LM8,V,158,189,b.3.3.1,LKERCLQVVRSLVkpENYRRLDIVRSLYEDLE
28,1WR0,A,14,45,a.7.14.1,KAIDLASKAAQEDKAGNYEEALQLYQHAVQYF
28,2CRB,A,14,45,a.7.16.1,LAHQQSRRADRLLAAGKYEEAISCHRKATTYL
28,1OM2,A,19,50,a.23.4.1,FFLEEIQLGEELLAQGDYEKGVDHLTNAIAVC
28,1UG7,A,18,49,a.24.24.1,RWGASLRRGADFDSWGQLVEAIDEYQILARHL
28,1QSA,A,412,443,a.118.5.1,SKTEQAQLARYAFNNQWWDLSVQATIAGKLWD
28,2O02,A,2,33,a.118.7.1,DKNELVQKAKLAEQAERYDDMAACMKSVTEQG
28,1ELW,A,3,34,a.118.8.1,QVNELKEKGNKALSVGNIDDALQCYSEAIKLD
28,1ELW,A,37,68,a.118.8.1,NHVLYSNRSAAYAKKGDYQKAYEDGCKTVDLK
28,1ELW,A,71,102,a.118.8.1,WGKGYSRKAAALEFLNRFEEAKRTYEEGLKHE
28,1WY6,A,125,156,a.118.20.1,SASILVAIANALRRVGDERDATTLLIEACKKG
28,2A9U,A,39,70,a.118.23.1,SALKIFKTAEECRLDRDEERAYVLYMKYVTVY
28,2IJQ,A,29,60,a.246.2.1,TLRRAVVHGVRLYNSGEFHESHDCFEDEWYNY
28,2CFU,A,448,479,d.157.1.13,GAERLLEQARASYARGEYRWVVEVVNRLVFAE
28,1ZBP,A,30,61,e.61.1.1,DASLRSSFIELLCIDGDFERADEQLMQSIKLF
29,3A8G,B,32,59,b.34.4.4,WEHLPYSLMFAGVAeLGAFSVDEVRYVV
29,1V29,A,29,55,d.149.1.1,WEARAKALESLLIE-KRLLSSDAIERVI
30,3BHP,A,6,36,a.2.21.1,KIARINELAAKAKAGVITEEEKAEQQKLRQE
30,1T3W,A,547,577,a.236.1.1,LELRQEELIARERTHGLSNEERLELWTLNQE
31,3BUL,A,658,681,a.46.1.1,EVNKRLEYSLVKGITEFIEQDTEE
31,1JR3,A,247,270,a.80.1.1,DQALSLVEAMVEANGERVMALINE
31,1JR3,D,212,235,a.80.1.1,FTPFHWVDALLMGKSKRALHILQQ
32,1HUX,A,35,64,c.55.1.5,GTGTSGPARSISEVLENAHMKKEDMAFTLA
32,1NBW,A,43,72,c.55.1.6,RDNIAGTLAALEQALAKTPWSMSDVSRIYL
32,2D0O,A,44,73,c.55.1.6,LRNVFGIQEALALVARGAGIAVSDISLIRI
32,2A6A,A,31,60,c.55.1.9,KKHAEILPVVVKKLLDELDLKVKDLDVVGV
32,1OX0,A,273,302,c.95.1.1,HPEGQGAIKAIKLALEEAEISPEQVAYVNA
32,1TQY,A,279,308,c.95.1.1,KADGREMAETIRVALDESRTDATDIDYINA
32,1TED,A,283,312,c.95.1.2,GYIFSGVAPVVTEMLWDNGLQISDIDLWAI
33,2C60,A,56,78,d.15.2.2,RIIAFSRPVKYEDVEHKVTTVFG
33,1WMH,A,28,50,d.15.2.2,MITHFEPSISFEGLCNEVRDMCS
33,1OEY,A,362,384,d.15.2.2,VVMKTQPGLPYSQVRDMVSKKLE
33,1IP9,A,24,46,d.15.2.2,FALMLKGDTTYKELRSKIAPRID
33,2I1S,A,24,46,d.343.1.1,RRIQVPENYTFLDLHKAIQAVMD
34,1D1Q,A,7,31,c.44.1.1,ISVAFIAL-GNfCRSPMAEAIFKHEV
34,1JF8,A,4,28,c.44.1.1,KTIYFIST-GNsARSQMAEGWGKEIL
34,1VKR,A,378,402,c.44.2.1,RKIIVACD-AGmGSSAMGAGVLRKKI
34,1MKP,A,287,311,c.45.1.1,CGVLVHSLaGI-SRSVTVTVAYLMQK
34,1OHE,A,308,332,c.45.1.1,GAIAVHSKaGL-GRTGTLIACYIMKH
34,1YT8,A,187,210,c.46.1.2,TRVIVNCA-GR-TRSIIGTQSLLNAG
34,1TQ1,A,83,106,c.46.1.3,DNIIVGCQ-SG-GRSIKATTDLLHAG
35,1IN0,A,106,134,d.58.49.1,MAKKITKLVKDSKIKVQTQIQGEQVRVTG
35,1WIH,A,46,74,d.67.3.1,CTAAAIKAIRESGMNLNPEVEGTLIRVPI
35,1WQG,A,74,102,d.67.3.1,QLRAIETAIRNSDLGVNPTNDGALIRVAV
36,1O13,A,66,91,c.55.5.1,ELVIVRGIGRRAIAAFEAMGVKVIKG
36,1EO1,A,67,92,c.55.5.1,KAVIASSPGPNAFEVLNELGIKIYRA
36,1P90,A,167,192,c.55.5.2,QVLYVVSIGGPAAAKVVRAGIHPLKK
36,1NMO,A,188,213,c.135.1.1,DAFITGEVSEQTIHSAREQGLHFYAA
36,2GX8,A,306,331,c.135.1.1,DVYVTGDMYYHVAHDAMMLGLNIVDP
36,2FYW,A,198,223,c.135.1.1,DVYITGDIYYHTAQDMLSDGLLALDP
37,1MLA,A,87,101,c.19.1.1,MMAGHSLGEYSALVC
37,1OXW,A,72,86,c.19.1.3,VIGGTSTGGLLTAMI
37,1JJF,A,167,181,c.69.1.2,AIAGLSMGGGQSFNI
37,3C8D,A,276,290,c.69.1.2,VVAGQSFGGLSALYA
37,2PBL,A,131,145,c.69.1.2,VLAGHSAGGHLVARM
37,1MTZ,A,100,114,c.69.1.7,FLMGSSYGGALALAY
38,2AHO,B,101,130,a.60.14.1,QRLDKILELVSQKLKLSEKDAWEQVAWKLE
38,2A19,A,105,134,a.60.14.1,KTVHSILRYCAEKFQIPLEELYKTIAWPLS
38,3SJ5,A,46,75,d.278.1.1,DEVRRIFAKVSEKTGKNVNEIWREVGRQNI
39,1S5Q,B,303,335,a.59.1.1,EFNHAINYVNKIKNRF--QGQPDIYKAFLEILHTY
39,2CR7,A,9,41,a.59.1.1,HVEDALTYLDQVKIRF--GSDPATYNGFLEIMKEF
39,1Q2Z,A,42,76,a.118.19.1,YFMKSIDCIRAFREEAikFSEEQRFNNFLKALQEK
40,1LBU,A,36,54,a.20.1.1,LAIDGQFGPATKAAVQRFQ
40,1LBU,A,59,77,a.20.1.1,LAADGIAGPATFNKIYQLQ
40,2IKB,A,103,121,d.2.1.9,VPDDGVIGAVSLKAINSLP
40,2NR7,A,112,130,d.2.1.9,VQADGIVGNKTLQAVNSAD
B1,1QBA,A,842,855,b.1.18.2,IEYSTDgGKQWQRY
B1,1D7P,M,2262,2274,b.18.1.2,ISSSQD-GHQWTLF
B1,1VKD,A,73,85,b.67.2.4,FGRSKD-GINWEIE
B1,1VKD,A,131,143,b.67.2.4,VGMTKD-FKTFVRL
B1,1VKD,A,184,196,b.67.2.4,LSESPD-MIHWGNH
B1,3SIL,A,70,83,b.68.1.1,AARSTDgGKTWNKK
B1,3SIL,A,253,266,b.68.1.1,SFETKDfGKTWTEF
B1,1SQJ,A,194,207,b.69.13.1,MYVTHDgGVSWEPV
B1,1LNI,A,79,92,d.1.1.2,DYYTGDhYATFSLI
B2,1VH6,A,22,68,a.24.19.1,ELTLMLYNGCLKFIRLAAQAIENDDMERKNENLIKAQNIIQELNFTL
B2,2NW8,A,56,102,a.266.1.1,QTSELWLKLLAHELRAAIVHLQRDEVWQCRKVLARSKQVLRQLTEQW
B3,1YRR,A,18,34,b.92.1.5,DHAVVIADGLIKSVCPV
B3,2OOD,A,35,51,b.92.1.4,DGLMVVTDGVIKAFGPY
B3,2FB5,A,135,151,d.320.1.1,DGAVLVKNNHIVSAANI
B4,1WHZ,A,5,34,d.50.3.2,PRPEEVARKLRRLGFVERMAKGGHRLYTHP
B4,2G7J,A,3,32,d.198.5.1,LRPDEVARVLEKAGFTVDVVTNKTYGYRRG
B5,2P06,A,42,73,a.204.1.3,SRLFEEMDELREAVEKEDWENLRDELLDVANF
B5,1VMG,A,30,61,a.204.1.2,TWLVEEVGELAEALLSNNLDSIQEELADVIAW
B5,1SR2,A,816,847,a.24.10.2,DTVPDDVKRLYTEAATSDFAALAQTAHRLKGV